name,age,experience,city,role,education,salary_lpa
Employee_1,50,4,Hyderabad,DevOps,PhD,19.15
Employee_2,36,11,Bangalore,Data Scientist,12th/Diploma,16.91
Employee_3,29,16,Hyderabad,HR,12th/Diploma,15.84
Employee_4,42,16,Hyderabad,ML Engineer,12th/Diploma,11.58
Employee_5,40,9,Delhi,Software Developer,B.Tech,10.81
Employee_6,44,24,Jaipur,HR,MBA/M.Tech,4.0
Employee_7,32,22,Pune,HR,12th/Diploma,7.79
Employee_8,32,16,Hyderabad,DevOps,12th/Diploma,3.33
Employee_9,45,14,Delhi,Software Developer,Bachelor's,15.79
Employee_10,45,11,Jaipur,DevOps,B.Tech,5.33
Employee_11,24,15,Pune,Software Developer,,22.21
Employee_12,43,23,Hyderabad,DevOps,,14.51
Employee_13,23,18,Hyderabad,Data Scientist,,18.39
Employee_14,45,7,Bangalore,ML Engineer,,12.04
Employee_15,51,20,Bangalore,ML Engineer,,15.33
Employee_16,23,16,Jaipur,Software Developer,,23.74
Employee_17,42,22,Pune,Data Analyst,,4.82
Employee_18,54,4,Hyderabad,HR,,8.59
Employee_19,33,21,Jaipur,HR,,20.16
Employee_20,43,15,Jaipur,Software Developer,,5.17
Employee_21,46,5,Mumbai,DevOps,,4.66
Employee_22,48,7,Bangalore,Data Analyst,MBA/M.Tech,10.95
Employee_23,49,24,Pune,Data Scientist,MBA/M.Tech,5.03
Employee_24,37,17,Hyderabad,DevOps,PhD,15.87
Employee_25,36,24,Jaipur,DevOps,B.Tech,7.98
Employee_26,24,11,Hyderabad,Software Developer,12th/Diploma,22.71
Employee_27,28,14,Mumbai,Software Developer,12th/Diploma,20.24
Employee_28,42,8,Pune,HR,MBA/M.Tech,18.39
Employee_29,30,12,Jaipur,Software Developer,PhD,16.57
Employee_30,39,14,Hyderabad,Software Developer,12th/Diploma,22.0
Employee_31,25,9,Bangalore,Software Developer,12th/Diploma,7.91
Employee_32,46,15,Mumbai,HR,B.Tech,22.21
Employee_33,35,6,Pune,Data Scientist,Bachelor's,20.37
Employee_34,30,16,Mumbai,Data Scientist,MBA/M.Tech,19.46
Employee_35,47,22,Bangalore,Software Developer,MBA/M.Tech,15.35
Employee_36,23,20,Pune,HR,Bachelor's,8.42
Employee_37,41,21,Mumbai,Data Scientist,12th/Diploma,12.32
Employee_38,49,6,Delhi,DevOps,B.Tech,20.46
Employee_39,28,13,Bangalore,Data Scientist,B.Tech,3.7
Employee_40,29,14,Bangalore,Data Scientist,MBA/M.Tech,20.21
Employee_41,35,20,Bangalore,HR,B.Tech,8.28
Employee_42,38,6,Delhi,DevOps,Bachelor's,6.17
Employee_43,25,8,Delhi,HR,12th/Diploma,5.55
Employee_44,23,18,Hyderabad,Software Developer,Bachelor's,3.6
Employee_45,27,15,Jaipur,ML Engineer,PhD,14.52
Employee_46,25,7,Mumbai,Data Scientist,MBA/M.Tech,7.8
Employee_47,50,17,Hyderabad,ML Engineer,B.Tech,24.77
Employee_48,39,22,Mumbai,HR,PhD,15.64
Employee_49,47,17,Jaipur,HR,B.Tech,6.03
Employee_50,31,19,Delhi,HR,12th/Diploma,18.15
Employee_51,35,6,Jaipur,ML Engineer,12th/Diploma,
Employee_52,52,2,Delhi,HR,12th/Diploma,
Employee_53,36,17,Jaipur,Software Developer,B.Tech,
Employee_54,29,9,Hyderabad,HR,PhD,
Employee_55,35,6,Pune,Data Analyst,12th/Diploma,
Employee_56,44,16,Hyderabad,ML Engineer,PhD,
Employee_57,42,13,Mumbai,Data Analyst,B.Tech,4.14
Employee_58,37,23,Hyderabad,HR,PhD,15.26
Employee_59,39,2,Bangalore,Software Developer,B.Tech,6.43
Employee_60,45,11,Mumbai,Data Scientist,B.Tech,21.36
Employee_61,47,12,Jaipur,DevOps,MBA/M.Tech,10.88
Employee_62,46,1,Mumbai,DevOps,B.Tech,23.08
Employee_63,50,2,Pune,HR,B.Tech,15.45
Employee_64,36,4,Delhi,Software Developer,Bachelor's,7.02
Employee_65,22,10,Jaipur,ML Engineer,12th/Diploma,6.07
Employee_66,46,7,Mumbai,Data Analyst,MBA/M.Tech,15.68
Employee_67,28,22,Jaipur,Data Analyst,MBA/M.Tech,19.76
Employee_68,30,22,Jaipur,Data Analyst,MBA/M.Tech,20.19
Employee_69,45,11,Jaipur,ML Engineer,Bachelor's,9.07
Employee_70,22,6,Delhi,DevOps,B.Tech,7.49
Employee_71,29,14,Hyderabad,Software Developer,12th/Diploma,3.37
Employee_72,45,23,Jaipur,ML Engineer,PhD,17.94
Employee_73,32,16,Bangalore,Data Analyst,B.Tech,4.68
Employee_74,38,3,Pune,HR,Bachelor's,12.26
Employee_75,29,21,Delhi,Data Scientist,B.Tech,16.24
Employee_76,54,24,Mumbai,ML Engineer,B.Tech,23.62
Employee_77,26,12,Delhi,ML Engineer,Bachelor's,9.86
Employee_78,49,17,Mumbai,Software Developer,MBA/M.Tech,8.49
Employee_79,28,0,Delhi,Software Developer,MBA/M.Tech,17.39
Employee_80,30,15,Mumbai,ML Engineer,12th/Diploma,16.62
Employee_81,29,12,Jaipur,Data Analyst,12th/Diploma,10.31
Employee_82,33,9,Hyderabad,Data Scientist,MBA/M.Tech,23.42
Employee_83,54,11,Mumbai,Software Developer,PhD,21.59
Employee_84,44,1,Mumbai,Data Analyst,B.Tech,7.93
Employee_85,45,22,Bangalore,HR,PhD,8.26
Employee_86,43,2,Mumbai,Software Developer,B.Tech,14.27
Employee_87,48,9,Bangalore,Data Analyst,MBA/M.Tech,20.02
Employee_88,22,1,Pune,Data Analyst,12th/Diploma,3.97
Employee_89,35,22,Jaipur,Data Scientist,12th/Diploma,18.25
Employee_90,24,12,Bangalore,Data Scientist,PhD,17.26
Employee_91,22,12,Hyderabad,HR,12th/Diploma,8.09
Employee_92,26,17,Jaipur,Data Analyst,MBA/M.Tech,17.99
Employee_93,47,2,Bangalore,DevOps,PhD,23.68
Employee_94,35,6,Jaipur,Data Analyst,B.Tech,4.03
Employee_95,48,13,Jaipur,Data Scientist,12th/Diploma,10.03
Employee_96,30,19,Jaipur,DevOps,Bachelor's,12.64
Employee_97,36,16,Pune,Software Developer,12th/Diploma,22.78
Employee_98,36,20,Hyderabad,Software Developer,B.Tech,24.17
Employee_99,47,11,Delhi,ML Engineer,PhD,12.77
Employee_100,34,24,Delhi,Data Scientist,B.Tech,19.5
Employee_101,53,15,Bangalore,ML Engineer,Bachelor's,14.7
Employee_102,53,23,Jaipur,DevOps,MBA/M.Tech,14.83
Employee_103,25,11,Bangalore,Data Scientist,12th/Diploma,9.12
Employee_104,51,14,Pune,HR,PhD,7.77
Employee_105,44,24,Pune,Data Analyst,MBA/M.Tech,9.34
Employee_106,36,9,Mumbai,HR,B.Tech,15.24
Employee_107,50,24,Pune,DevOps,PhD,3.64
Employee_108,34,6,Mumbai,Data Scientist,MBA/M.Tech,22.96
Employee_109,53,19,Hyderabad,DevOps,PhD,6.44
Employee_110,28,4,Bangalore,Data Analyst,Bachelor's,7.84
Employee_111,43,0,Hyderabad,Software Developer,Bachelor's,14.4
Employee_112,49,16,Pune,Software Developer,12th/Diploma,18.62
Employee_113,23,2,Hyderabad,DevOps,12th/Diploma,5.11
Employee_114,27,12,Hyderabad,ML Engineer,Bachelor's,9.99
Employee_115,49,13,Hyderabad,Data Scientist,PhD,24.31
Employee_116,49,23,Pune,Data Scientist,Bachelor's,8.77
Employee_117,41,17,Jaipur,Software Developer,12th/Diploma,9.89
Employee_118,51,3,Hyderabad,HR,Bachelor's,21.4
Employee_119,32,17,Mumbai,Data Analyst,Bachelor's,4.1
Employee_120,49,4,Pune,HR,PhD,13.22
Employee_121,46,24,Hyderabad,HR,MBA/M.Tech,11.35
Employee_122,54,15,Jaipur,DevOps,12th/Diploma,9.96
Employee_123,22,0,Pune,Software Developer,PhD,9.29
Employee_124,48,20,Delhi,Software Developer,Bachelor's,5.01
Employee_125,34,13,Jaipur,Software Developer,Bachelor's,9.93
Employee_126,24,14,Mumbai,DevOps,MBA/M.Tech,3.95
Employee_127,27,8,Hyderabad,ML Engineer,12th/Diploma,20.18
Employee_128,29,14,Delhi,HR,12th/Diploma,11.76
Employee_129,48,16,Delhi,DevOps,B.Tech,12.77
Employee_130,30,24,Pune,Data Scientist,12th/Diploma,22.66
Employee_131,54,23,Delhi,Data Analyst,MBA/M.Tech,17.48
Employee_132,45,3,Mumbai,ML Engineer,B.Tech,3.18
Employee_133,36,11,Mumbai,Data Scientist,B.Tech,23.75
Employee_134,53,4,Bangalore,HR,Bachelor's,8.22
Employee_135,53,4,Mumbai,Software Developer,Bachelor's,5.37
Employee_136,45,10,Jaipur,HR,12th/Diploma,19.9
Employee_137,33,5,Delhi,DevOps,B.Tech,14.01
Employee_138,23,6,Mumbai,Data Analyst,Bachelor's,12.54
Employee_139,24,23,Pune,DevOps,MBA/M.Tech,8.49
Employee_140,38,13,Bangalore,ML Engineer,Bachelor's,15.04
Employee_141,23,23,Delhi,ML Engineer,Bachelor's,9.04
Employee_142,23,10,Bangalore,Data Analyst,B.Tech,22.83
Employee_143,49,12,Delhi,Data Scientist,B.Tech,7.73
Employee_144,44,1,Pune,Data Scientist,PhD,22.46
Employee_145,53,24,Bangalore,ML Engineer,MBA/M.Tech,15.31
Employee_146,54,6,Hyderabad,ML Engineer,B.Tech,21.23
Employee_147,22,19,Jaipur,Software Developer,12th/Diploma,18.68
Employee_148,40,3,Jaipur,Data Scientist,MBA/M.Tech,18.33
Employee_149,23,7,Delhi,Data Analyst,MBA/M.Tech,10.14
Employee_150,47,19,Hyderabad,Data Scientist,B.Tech,8.15
Employee_151,53,21,Bangalore,Software Developer,MBA/M.Tech,7.64
Employee_152,27,20,Hyderabad,DevOps,B.Tech,21.86
Employee_153,53,18,Hyderabad,ML Engineer,Bachelor's,21.05
Employee_154,25,12,Bangalore,ML Engineer,PhD,12.69
Employee_155,32,13,Pune,Software Developer,Bachelor's,5.91
Employee_156,38,9,Hyderabad,Data Analyst,B.Tech,11.41
Employee_157,45,10,Hyderabad,ML Engineer,B.Tech,16.63
Employee_158,26,1,Pune,HR,Bachelor's,13.0
Employee_159,27,24,Hyderabad,ML Engineer,12th/Diploma,20.16
Employee_160,43,8,Hyderabad,HR,12th/Diploma,24.95
Employee_161,32,16,Hyderabad,Software Developer,12th/Diploma,7.2
Employee_162,37,2,Jaipur,Software Developer,B.Tech,13.11
Employee_163,54,23,Mumbai,ML Engineer,MBA/M.Tech,12.48
Employee_164,30,5,Pune,Data Scientist,B.Tech,9.7
Employee_165,27,4,Hyderabad,HR,MBA/M.Tech,7.36
Employee_166,37,4,Jaipur,Data Analyst,Bachelor's,4.45
Employee_167,50,21,Pune,ML Engineer,PhD,22.52
Employee_168,24,14,Delhi,Data Analyst,MBA/M.Tech,12.24
Employee_169,41,22,Delhi,ML Engineer,12th/Diploma,13.93
Employee_170,40,16,Hyderabad,Data Scientist,B.Tech,23.17
Employee_171,47,8,Jaipur,Data Scientist,Bachelor's,20.08
Employee_172,24,2,Jaipur,Data Scientist,12th/Diploma,5.87
Employee_173,40,19,Pune,DevOps,Bachelor's,15.44
Employee_174,41,16,Pune,Data Scientist,PhD,12.73
Employee_175,53,9,Jaipur,Software Developer,B.Tech,20.54
Employee_176,28,2,Pune,Software Developer,B.Tech,18.93
Employee_177,54,17,Jaipur,DevOps,PhD,18.19
Employee_178,39,17,Mumbai,HR,B.Tech,10.49
Employee_179,22,16,Jaipur,Data Analyst,MBA/M.Tech,20.71
Employee_180,32,23,Delhi,ML Engineer,Bachelor's,4.15
Employee_181,49,2,Pune,ML Engineer,12th/Diploma,6.51
Employee_182,46,2,Jaipur,DevOps,PhD,10.38
Employee_183,44,5,Jaipur,Software Developer,MBA/M.Tech,4.69
Employee_184,52,12,Pune,ML Engineer,12th/Diploma,8.17
Employee_185,51,23,Mumbai,Software Developer,12th/Diploma,21.26
Employee_186,28,14,Mumbai,HR,PhD,23.86
Employee_187,37,24,Pune,Data Analyst,MBA/M.Tech,9.7
Employee_188,47,8,Bangalore,HR,12th/Diploma,8.82
Employee_189,23,3,Pune,DevOps,12th/Diploma,9.16
Employee_190,22,13,Pune,Data Scientist,MBA/M.Tech,9.11
Employee_191,33,4,Mumbai,Data Scientist,B.Tech,3.79
Employee_192,26,1,Mumbai,Data Scientist,12th/Diploma,23.39
Employee_193,53,10,Pune,HR,Bachelor's,7.7
Employee_194,30,8,Pune,ML Engineer,MBA/M.Tech,12.24
Employee_195,40,23,Pune,Data Analyst,12th/Diploma,3.21
Employee_196,37,2,Mumbai,Data Scientist,PhD,21.88
Employee_197,24,8,Pune,DevOps,Bachelor's,19.09
Employee_198,41,2,Pune,DevOps,12th/Diploma,23.83
Employee_199,45,24,Hyderabad,Data Scientist,Bachelor's,20.2
Employee_200,54,1,Bangalore,Data Scientist,Bachelor's,9.9
Employee_201,45,11,Delhi,Data Analyst,B.Tech,8.45
Employee_202,32,9,Bangalore,Data Scientist,Bachelor's,18.35
Employee_203,29,8,Hyderabad,Data Analyst,B.Tech,11.01
Employee_204,41,14,Delhi,DevOps,MBA/M.Tech,15.46
Employee_205,46,7,Pune,Data Scientist,B.Tech,3.14
Employee_206,46,24,Hyderabad,HR,PhD,4.36
Employee_207,50,4,Pune,HR,12th/Diploma,14.78
Employee_208,39,10,Mumbai,DevOps,MBA/M.Tech,15.45
Employee_209,39,1,Jaipur,Data Analyst,MBA/M.Tech,19.53
Employee_210,23,23,Hyderabad,HR,PhD,5.9
Employee_211,37,14,Mumbai,Data Analyst,B.Tech,14.29
Employee_212,54,5,Hyderabad,HR,12th/Diploma,7.28
Employee_213,25,7,Hyderabad,HR,B.Tech,5.05
Employee_214,54,4,Mumbai,Data Analyst,Bachelor's,12.03
Employee_215,35,15,Delhi,ML Engineer,B.Tech,6.59
Employee_216,42,17,Bangalore,HR,MBA/M.Tech,7.88
Employee_217,41,5,Pune,Data Scientist,12th/Diploma,9.99
Employee_218,29,4,Hyderabad,DevOps,B.Tech,8.71
Employee_219,28,15,Pune,ML Engineer,12th/Diploma,4.93
Employee_220,24,12,Jaipur,Data Analyst,12th/Diploma,4.98
Employee_221,38,4,Mumbai,ML Engineer,Bachelor's,7.25
Employee_222,54,12,Pune,Software Developer,Bachelor's,4.11
Employee_223,33,16,Mumbai,Software Developer,MBA/M.Tech,16.78
Employee_224,43,17,Pune,HR,PhD,9.32
Employee_225,43,7,Bangalore,HR,12th/Diploma,9.15
Employee_226,51,12,Bangalore,Data Scientist,PhD,10.3
Employee_227,29,18,Bangalore,DevOps,MBA/M.Tech,17.58
Employee_228,48,2,Bangalore,ML Engineer,12th/Diploma,22.15
Employee_229,48,23,Bangalore,Software Developer,12th/Diploma,19.7
Employee_230,42,7,Bangalore,HR,PhD,19.01
Employee_231,51,1,Mumbai,DevOps,B.Tech,13.66
Employee_232,54,7,Hyderabad,ML Engineer,Bachelor's,18.26
Employee_233,49,12,Pune,HR,B.Tech,15.16
Employee_234,54,12,Bangalore,HR,PhD,7.76
Employee_235,26,0,Mumbai,Software Developer,Bachelor's,7.59
Employee_236,40,5,Mumbai,Software Developer,B.Tech,9.52
Employee_237,25,23,Mumbai,HR,Bachelor's,23.04
Employee_238,38,18,Hyderabad,Data Analyst,12th/Diploma,15.04
Employee_239,49,15,Pune,HR,B.Tech,19.15
Employee_240,51,7,Hyderabad,DevOps,Bachelor's,10.62
Employee_241,50,0,Delhi,HR,Bachelor's,11.97
Employee_242,27,15,Mumbai,Data Scientist,Bachelor's,5.76
Employee_243,45,8,Delhi,Data Scientist,B.Tech,6.77
Employee_244,50,12,Jaipur,Data Scientist,MBA/M.Tech,21.2
Employee_245,52,10,Bangalore,Data Analyst,B.Tech,15.87
Employee_246,54,12,Bangalore,Data Analyst,PhD,10.43
Employee_247,42,24,Hyderabad,HR,B.Tech,20.66
Employee_248,53,20,Pune,Data Scientist,Bachelor's,8.42
Employee_249,44,9,Delhi,Data Analyst,12th/Diploma,24.47
Employee_250,54,3,Pune,Software Developer,B.Tech,10.59
Employee_251,24,5,Hyderabad,HR,B.Tech,10.42
Employee_252,39,6,Bangalore,DevOps,Bachelor's,9.86
Employee_253,46,4,Pune,ML Engineer,12th/Diploma,5.69
Employee_254,52,10,Pune,HR,12th/Diploma,5.45
Employee_255,24,12,Bangalore,ML Engineer,PhD,17.26
Employee_256,45,24,Delhi,Data Scientist,B.Tech,22.25
Employee_257,53,18,Bangalore,ML Engineer,12th/Diploma,20.39
Employee_258,43,22,Pune,Data Scientist,12th/Diploma,6.1
Employee_259,44,9,Delhi,Software Developer,MBA/M.Tech,15.0
Employee_260,23,9,Delhi,ML Engineer,MBA/M.Tech,5.32
Employee_261,48,10,Bangalore,HR,12th/Diploma,4.0
Employee_262,23,20,Pune,Data Scientist,PhD,17.44
Employee_263,47,6,Hyderabad,HR,12th/Diploma,14.77
Employee_264,38,17,Pune,Data Analyst,Bachelor's,4.8
Employee_265,54,3,Mumbai,Data Scientist,B.Tech,3.77
Employee_266,30,1,Jaipur,ML Engineer,PhD,24.77
Employee_267,50,13,Hyderabad,Data Scientist,Bachelor's,3.66
Employee_268,47,12,Delhi,HR,PhD,12.78
Employee_269,46,11,Hyderabad,Software Developer,Bachelor's,14.1
Employee_270,45,6,Delhi,Data Scientist,B.Tech,5.58
Employee_271,34,1,Delhi,ML Engineer,B.Tech,6.72
Employee_272,28,12,Hyderabad,Data Analyst,MBA/M.Tech,10.74
Employee_273,41,13,Delhi,DevOps,Bachelor's,19.76
Employee_274,22,16,Delhi,Software Developer,MBA/M.Tech,14.16
Employee_275,29,8,Mumbai,Data Analyst,Bachelor's,17.03
Employee_276,37,16,Pune,Data Scientist,MBA/M.Tech,24.67
Employee_277,35,7,Pune,HR,B.Tech,19.9
Employee_278,33,1,Jaipur,HR,PhD,12.56
Employee_279,44,23,Jaipur,ML Engineer,MBA/M.Tech,12.82
Employee_280,36,12,Mumbai,HR,Bachelor's,16.61
Employee_281,49,2,Jaipur,Software Developer,Bachelor's,17.64
Employee_282,23,15,Hyderabad,HR,B.Tech,14.02
Employee_283,53,5,Bangalore,ML Engineer,Bachelor's,17.19
Employee_284,44,18,Bangalore,DevOps,12th/Diploma,3.52
Employee_285,43,6,Bangalore,Data Scientist,PhD,12.45
Employee_286,46,9,Mumbai,Data Scientist,MBA/M.Tech,9.14
Employee_287,43,8,Mumbai,HR,PhD,5.84
Employee_288,43,1,Delhi,Data Analyst,B.Tech,5.19
Employee_289,27,14,Bangalore,Data Scientist,MBA/M.Tech,16.27
Employee_290,36,4,Hyderabad,DevOps,MBA/M.Tech,14.52
Employee_291,54,21,Jaipur,HR,12th/Diploma,8.58
Employee_292,29,3,Hyderabad,ML Engineer,B.Tech,13.36
Employee_293,26,19,Jaipur,DevOps,Bachelor's,13.83
Employee_294,25,3,Bangalore,HR,12th/Diploma,7.29
Employee_295,27,17,Bangalore,DevOps,12th/Diploma,17.35
Employee_296,53,3,Bangalore,Data Scientist,PhD,20.18
Employee_297,51,16,Mumbai,ML Engineer,PhD,20.41
Employee_298,37,11,Jaipur,HR,PhD,16.25
Employee_299,34,21,Mumbai,Software Developer,12th/Diploma,14.26
Employee_300,51,16,Mumbai,ML Engineer,Bachelor's,4.34
Employee_301,40,9,Pune,Software Developer,MBA/M.Tech,9.33
Employee_302,38,21,Hyderabad,DevOps,PhD,5.05
Employee_303,40,0,Hyderabad,Data Analyst,Bachelor's,24.2
Employee_304,49,21,Delhi,ML Engineer,B.Tech,5.97
Employee_305,47,23,Mumbai,DevOps,PhD,6.34
Employee_306,47,17,Jaipur,Software Developer,MBA/M.Tech,22.57
Employee_307,44,17,Pune,Data Scientist,B.Tech,23.77
Employee_308,30,13,Pune,Data Scientist,B.Tech,19.85
Employee_309,33,14,Hyderabad,Data Analyst,MBA/M.Tech,3.12
Employee_310,22,11,Mumbai,ML Engineer,PhD,3.03
Employee_311,22,3,Delhi,ML Engineer,12th/Diploma,11.32
Employee_312,53,2,Mumbai,ML Engineer,MBA/M.Tech,6.15
Employee_313,46,19,Bangalore,DevOps,MBA/M.Tech,3.4
Employee_314,22,11,Mumbai,Data Analyst,MBA/M.Tech,13.21
Employee_315,37,6,Bangalore,ML Engineer,B.Tech,23.75
Employee_316,26,10,Bangalore,DevOps,Bachelor's,10.12
Employee_317,43,0,Delhi,Data Scientist,12th/Diploma,17.55
Employee_318,50,5,Jaipur,Software Developer,PhD,17.35
Employee_319,24,14,Hyderabad,DevOps,PhD,8.52
Employee_320,33,14,Mumbai,Data Scientist,Bachelor's,17.31
Employee_321,47,18,Bangalore,Data Scientist,MBA/M.Tech,7.67
Employee_322,37,10,Mumbai,Software Developer,12th/Diploma,5.68
Employee_323,43,22,Jaipur,Data Scientist,PhD,18.43
Employee_324,50,1,Hyderabad,Data Analyst,PhD,5.5
Employee_325,35,13,Jaipur,Software Developer,MBA/M.Tech,24.93
Employee_326,49,1,Hyderabad,Data Scientist,Bachelor's,7.04
Employee_327,26,3,Pune,HR,12th/Diploma,16.07
Employee_328,51,16,Hyderabad,DevOps,Bachelor's,12.05
Employee_329,26,2,Delhi,Data Scientist,Bachelor's,5.78
Employee_330,33,12,Jaipur,Data Analyst,12th/Diploma,3.61
Employee_331,37,8,Bangalore,ML Engineer,12th/Diploma,16.7
Employee_332,47,6,Pune,Data Scientist,PhD,20.75
Employee_333,47,14,Delhi,ML Engineer,PhD,21.52
Employee_334,42,22,Mumbai,HR,12th/Diploma,13.62
Employee_335,54,10,Jaipur,Data Scientist,B.Tech,20.1
Employee_336,51,19,Bangalore,Software Developer,PhD,17.8
Employee_337,44,1,Hyderabad,ML Engineer,B.Tech,18.93
Employee_338,31,14,Bangalore,HR,12th/Diploma,13.84
Employee_339,26,13,Mumbai,Software Developer,PhD,16.94
Employee_340,52,19,Pune,Software Developer,Bachelor's,20.72
Employee_341,31,21,Pune,Software Developer,12th/Diploma,11.75
Employee_342,40,10,Jaipur,Software Developer,MBA/M.Tech,20.73
Employee_343,53,2,Pune,Data Scientist,B.Tech,16.02
Employee_344,22,16,Jaipur,DevOps,12th/Diploma,6.65
Employee_345,26,11,Jaipur,Data Scientist,12th/Diploma,3.54
Employee_346,25,23,Jaipur,Data Scientist,PhD,10.98
Employee_347,37,20,Hyderabad,HR,PhD,15.03
Employee_348,45,14,Delhi,HR,PhD,21.48
Employee_349,37,15,Jaipur,DevOps,MBA/M.Tech,5.8
Employee_350,23,4,Jaipur,HR,PhD,20.6
Employee_351,49,19,Delhi,Data Analyst,12th/Diploma,21.99
Employee_352,53,5,Bangalore,DevOps,PhD,6.32
Employee_353,48,18,Jaipur,HR,Bachelor's,21.74
Employee_354,41,24,Hyderabad,DevOps,PhD,24.81
Employee_355,45,4,Pune,Data Scientist,MBA/M.Tech,18.99
Employee_356,33,2,Pune,Data Scientist,Bachelor's,20.26
Employee_357,54,0,Mumbai,DevOps,12th/Diploma,24.88
Employee_358,54,5,Mumbai,Data Analyst,12th/Diploma,16.32
Employee_359,33,14,Pune,Data Analyst,B.Tech,9.77
Employee_360,24,1,Pune,DevOps,Bachelor's,21.43
Employee_361,22,2,Hyderabad,HR,B.Tech,16.52
Employee_362,54,16,Delhi,ML Engineer,Bachelor's,15.79
Employee_363,31,24,Mumbai,Data Analyst,Bachelor's,8.58
Employee_364,50,23,Delhi,Software Developer,MBA/M.Tech,19.64
Employee_365,34,11,Hyderabad,Data Scientist,B.Tech,4.8
Employee_366,33,17,Pune,DevOps,MBA/M.Tech,23.33
Employee_367,52,14,Jaipur,Software Developer,Bachelor's,10.17
Employee_368,23,11,Delhi,DevOps,12th/Diploma,5.81
Employee_369,44,15,Pune,Data Scientist,Bachelor's,12.73
Employee_370,38,7,Pune,Data Scientist,MBA/M.Tech,3.93
Employee_371,47,13,Bangalore,Data Analyst,B.Tech,18.06
Employee_372,29,24,Delhi,Data Analyst,B.Tech,22.86
Employee_373,50,16,Jaipur,Software Developer,MBA/M.Tech,21.42
Employee_374,47,20,Delhi,DevOps,B.Tech,5.8
Employee_375,31,7,Pune,Data Scientist,PhD,5.78
Employee_376,47,14,Jaipur,Software Developer,12th/Diploma,20.9
Employee_377,28,13,Hyderabad,ML Engineer,12th/Diploma,23.33
Employee_378,25,17,Bangalore,Software Developer,12th/Diploma,13.13
Employee_379,32,19,Pune,HR,B.Tech,13.98
Employee_380,50,6,Mumbai,Software Developer,B.Tech,10.0
Employee_381,46,2,Mumbai,HR,Bachelor's,22.67
Employee_382,42,11,Bangalore,HR,Bachelor's,17.19
Employee_383,31,20,Hyderabad,HR,12th/Diploma,9.34
Employee_384,30,23,Pune,ML Engineer,PhD,9.57
Employee_385,45,2,Delhi,Software Developer,Bachelor's,22.61
Employee_386,39,19,Bangalore,Software Developer,Bachelor's,3.3
Employee_387,53,13,Hyderabad,ML Engineer,B.Tech,10.1
Employee_388,45,14,Delhi,Data Scientist,PhD,15.2
Employee_389,44,24,Mumbai,Data Analyst,12th/Diploma,6.26
Employee_390,53,13,Mumbai,Software Developer,Bachelor's,5.03
Employee_391,33,6,Delhi,Data Analyst,PhD,20.94
Employee_392,34,16,Bangalore,DevOps,PhD,22.68
Employee_393,44,11,Mumbai,DevOps,12th/Diploma,21.12
Employee_394,46,19,Pune,ML Engineer,PhD,22.77
Employee_395,51,3,Jaipur,DevOps,PhD,15.17
Employee_396,38,8,Delhi,DevOps,PhD,20.87
Employee_397,41,5,Delhi,Data Scientist,Bachelor's,11.45
Employee_398,46,15,Mumbai,Data Scientist,12th/Diploma,17.66
Employee_399,43,24,Bangalore,Data Scientist,PhD,24.75
Employee_400,34,21,Pune,DevOps,PhD,7.97
Employee_401,40,21,Bangalore,ML Engineer,Bachelor's,11.58
Employee_402,33,20,Hyderabad,HR,12th/Diploma,13.56
Employee_403,40,20,Hyderabad,HR,B.Tech,6.04
Employee_404,33,1,Jaipur,Data Analyst,Bachelor's,4.78
Employee_405,30,23,Mumbai,HR,12th/Diploma,21.25
Employee_406,28,7,Mumbai,HR,PhD,24.49
Employee_407,49,10,Mumbai,Data Scientist,12th/Diploma,11.9
Employee_408,35,12,Jaipur,Data Scientist,12th/Diploma,4.93
Employee_409,52,16,Hyderabad,DevOps,12th/Diploma,4.45
Employee_410,40,7,Bangalore,Data Analyst,B.Tech,22.61
Employee_411,37,20,Jaipur,Software Developer,12th/Diploma,13.2
Employee_412,26,17,Jaipur,Data Analyst,B.Tech,10.04
Employee_413,33,17,Bangalore,Data Analyst,PhD,13.48
Employee_414,46,13,Mumbai,ML Engineer,B.Tech,10.0
Employee_415,42,14,Pune,DevOps,PhD,13.76
Employee_416,44,5,Bangalore,ML Engineer,PhD,21.91
Employee_417,37,10,Hyderabad,Data Analyst,B.Tech,16.03
Employee_418,35,12,Delhi,Data Analyst,Bachelor's,18.28
Employee_419,52,24,Delhi,Data Analyst,MBA/M.Tech,11.02
Employee_420,26,0,Jaipur,HR,12th/Diploma,19.25
Employee_421,44,5,Delhi,ML Engineer,MBA/M.Tech,17.67
Employee_422,50,8,Pune,Data Analyst,12th/Diploma,5.63
Employee_423,32,7,Mumbai,Data Scientist,12th/Diploma,15.6
Employee_424,39,10,Hyderabad,DevOps,PhD,8.65
Employee_425,33,21,Pune,DevOps,12th/Diploma,20.69
Employee_426,30,18,Hyderabad,Data Scientist,12th/Diploma,12.37
Employee_427,31,23,Hyderabad,DevOps,B.Tech,24.88
Employee_428,38,8,Mumbai,HR,MBA/M.Tech,5.04
Employee_429,28,16,Jaipur,HR,B.Tech,20.17
Employee_430,34,11,Delhi,Software Developer,12th/Diploma,17.82
Employee_431,30,24,Mumbai,Software Developer,PhD,19.88
Employee_432,48,13,Pune,Software Developer,B.Tech,9.77
Employee_433,23,14,Jaipur,DevOps,B.Tech,13.83
Employee_434,26,15,Pune,HR,Bachelor's,20.52
Employee_435,50,21,Jaipur,HR,12th/Diploma,8.12
Employee_436,40,21,Pune,HR,PhD,7.97
Employee_437,29,19,Mumbai,Data Scientist,B.Tech,15.12
Employee_438,22,0,Jaipur,HR,B.Tech,14.52
Employee_439,43,9,Jaipur,Data Scientist,PhD,9.21
Employee_440,38,7,Hyderabad,Software Developer,12th/Diploma,9.56
Employee_441,28,17,Hyderabad,Software Developer,Bachelor's,9.11
Employee_442,46,0,Bangalore,DevOps,B.Tech,19.97
Employee_443,25,1,Pune,Software Developer,Bachelor's,17.34
Employee_444,27,0,Hyderabad,DevOps,MBA/M.Tech,21.31
Employee_445,52,0,Bangalore,Data Analyst,12th/Diploma,24.46
Employee_446,40,8,Hyderabad,Data Analyst,MBA/M.Tech,13.43
Employee_447,48,12,Pune,ML Engineer,MBA/M.Tech,4.47
Employee_448,31,0,Jaipur,DevOps,MBA/M.Tech,4.06
Employee_449,47,12,Delhi,ML Engineer,12th/Diploma,9.5
Employee_450,40,19,Pune,ML Engineer,12th/Diploma,23.52
Employee_451,24,21,Mumbai,Data Analyst,PhD,14.51
Employee_452,34,6,Hyderabad,DevOps,Bachelor's,8.98
Employee_453,49,1,Hyderabad,Data Analyst,Bachelor's,11.78
Employee_454,41,5,Jaipur,ML Engineer,PhD,16.17
Employee_455,49,6,Mumbai,DevOps,PhD,17.36
Employee_456,29,13,Jaipur,ML Engineer,MBA/M.Tech,6.39
Employee_457,22,17,Mumbai,HR,PhD,24.49
Employee_458,24,14,Delhi,DevOps,B.Tech,14.98
Employee_459,34,1,Hyderabad,DevOps,Bachelor's,5.99
Employee_460,49,9,Hyderabad,ML Engineer,PhD,22.66
Employee_461,46,22,Delhi,HR,B.Tech,4.64
Employee_462,54,11,Bangalore,Data Scientist,B.Tech,22.97
Employee_463,27,16,Jaipur,Data Analyst,B.Tech,24.92
Employee_464,53,7,Delhi,ML Engineer,B.Tech,18.41
Employee_465,42,10,Jaipur,DevOps,MBA/M.Tech,19.95
Employee_466,37,2,Pune,Data Analyst,B.Tech,10.42
Employee_467,42,5,Hyderabad,Data Analyst,MBA/M.Tech,23.71
Employee_468,32,8,Jaipur,Data Analyst,MBA/M.Tech,14.65
Employee_469,40,5,Mumbai,Data Scientist,B.Tech,19.11
Employee_470,41,8,Jaipur,Software Developer,Bachelor's,23.33
Employee_471,39,6,Pune,ML Engineer,B.Tech,24.45
Employee_472,35,8,Hyderabad,Software Developer,B.Tech,21.33
Employee_473,36,17,Delhi,Software Developer,B.Tech,9.67
Employee_474,52,11,Pune,Software Developer,Bachelor's,24.26
Employee_475,22,7,Hyderabad,Data Analyst,12th/Diploma,16.82
Employee_476,24,7,Jaipur,HR,12th/Diploma,23.47
Employee_477,37,17,Bangalore,Data Analyst,MBA/M.Tech,17.87
Employee_478,44,19,Bangalore,Data Analyst,MBA/M.Tech,9.76
Employee_479,32,14,Mumbai,DevOps,Bachelor's,11.14
Employee_480,33,6,Hyderabad,DevOps,PhD,15.11
Employee_481,31,10,Bangalore,Software Developer,12th/Diploma,20.38
Employee_482,53,19,Delhi,Data Analyst,MBA/M.Tech,10.0
Employee_483,37,15,Hyderabad,Software Developer,12th/Diploma,15.75
Employee_484,29,3,Delhi,DevOps,Bachelor's,10.6
Employee_485,33,5,Delhi,HR,Bachelor's,20.95
Employee_486,45,21,Bangalore,ML Engineer,PhD,13.27
Employee_487,49,2,Hyderabad,Software Developer,PhD,4.69
Employee_488,29,8,Jaipur,HR,Bachelor's,6.65
Employee_489,49,9,Pune,ML Engineer,MBA/M.Tech,4.34
Employee_490,47,13,Bangalore,Data Scientist,12th/Diploma,13.98
Employee_491,29,10,Bangalore,Software Developer,B.Tech,5.34
Employee_492,49,17,Jaipur,Software Developer,PhD,5.51
Employee_493,49,21,Hyderabad,Data Scientist,B.Tech,23.7
Employee_494,48,11,Hyderabad,Data Scientist,MBA/M.Tech,22.2
Employee_495,38,22,Delhi,Software Developer,PhD,12.95
Employee_496,30,11,Jaipur,Data Scientist,B.Tech,24.69
Employee_497,54,12,Jaipur,Data Analyst,MBA/M.Tech,3.0
Employee_498,41,24,Hyderabad,ML Engineer,12th/Diploma,16.51
Employee_499,34,12,Delhi,ML Engineer,MBA/M.Tech,16.56
Employee_500,49,18,Bangalore,ML Engineer,PhD,13.06
Employee_501,50,18,Mumbai,Data Analyst,Bachelor's,11.73
Employee_502,34,22,Pune,Data Scientist,12th/Diploma,13.02
Employee_503,27,13,Bangalore,HR,B.Tech,12.13
Employee_504,39,3,Hyderabad,Data Scientist,PhD,19.07
Employee_505,26,12,Pune,Software Developer,Bachelor's,5.98
Employee_506,46,7,Mumbai,DevOps,MBA/M.Tech,7.35
Employee_507,23,22,Mumbai,ML Engineer,Bachelor's,6.97
Employee_508,31,20,Delhi,Data Scientist,PhD,8.77
Employee_509,51,22,Pune,HR,PhD,14.56
Employee_510,26,18,Delhi,Software Developer,Bachelor's,5.45
Employee_511,54,11,Bangalore,Data Analyst,MBA/M.Tech,22.1
Employee_512,22,17,Jaipur,Data Analyst,Bachelor's,9.54
Employee_513,39,5,Jaipur,HR,PhD,6.58
Employee_514,53,17,Jaipur,Software Developer,PhD,17.86
Employee_515,32,18,Pune,ML Engineer,B.Tech,3.84
Employee_516,42,21,Jaipur,Data Scientist,B.Tech,16.64
Employee_517,47,4,Bangalore,Software Developer,12th/Diploma,18.36
Employee_518,46,23,Delhi,Data Analyst,PhD,7.73
Employee_519,43,8,Pune,HR,B.Tech,3.92
Employee_520,48,2,Delhi,HR,Bachelor's,11.0
Employee_521,34,9,Pune,Data Scientist,MBA/M.Tech,5.17
Employee_522,54,18,Delhi,HR,Bachelor's,5.56
Employee_523,22,2,Mumbai,HR,MBA/M.Tech,8.59
Employee_524,42,21,Delhi,Software Developer,B.Tech,9.5
Employee_525,27,14,Jaipur,ML Engineer,12th/Diploma,14.66
Employee_526,49,0,Mumbai,Data Scientist,Bachelor's,17.92
Employee_527,38,6,Delhi,Software Developer,Bachelor's,16.04
Employee_528,26,11,Pune,ML Engineer,Bachelor's,6.26
Employee_529,52,16,Pune,Software Developer,MBA/M.Tech,6.79
Employee_530,26,20,Pune,DevOps,B.Tech,22.33
Employee_531,24,23,Hyderabad,Software Developer,Bachelor's,15.28
Employee_532,44,19,Bangalore,HR,Bachelor's,22.14
Employee_533,31,4,Pune,ML Engineer,12th/Diploma,11.17
Employee_534,31,3,Mumbai,Data Scientist,12th/Diploma,16.52
Employee_535,40,11,Pune,Data Scientist,B.Tech,14.52
Employee_536,38,19,Hyderabad,ML Engineer,B.Tech,10.02
Employee_537,42,23,Jaipur,HR,PhD,13.34
Employee_538,35,17,Mumbai,Data Analyst,12th/Diploma,14.05
Employee_539,30,16,Hyderabad,Software Developer,PhD,7.42
Employee_540,22,18,Jaipur,HR,MBA/M.Tech,9.93
Employee_541,34,8,Mumbai,DevOps,PhD,20.41
Employee_542,25,3,Delhi,ML Engineer,Bachelor's,23.15
Employee_543,22,20,Bangalore,Software Developer,PhD,10.92
Employee_544,53,1,Bangalore,Data Scientist,B.Tech,9.75
Employee_545,49,3,Hyderabad,Data Analyst,MBA/M.Tech,7.29
Employee_546,52,1,Jaipur,DevOps,Bachelor's,17.93
Employee_547,29,14,Bangalore,Data Scientist,PhD,10.11
Employee_548,47,1,Jaipur,ML Engineer,MBA/M.Tech,24.73
Employee_549,24,3,Jaipur,Software Developer,MBA/M.Tech,10.17
Employee_550,33,5,Hyderabad,ML Engineer,Bachelor's,11.67
Employee_551,22,6,Hyderabad,Software Developer,PhD,16.27
Employee_552,26,9,Hyderabad,HR,MBA/M.Tech,20.64
Employee_553,51,18,Bangalore,Data Analyst,MBA/M.Tech,13.33
Employee_554,51,18,Hyderabad,HR,12th/Diploma,12.3
Employee_555,38,21,Bangalore,HR,MBA/M.Tech,24.9
Employee_556,44,11,Hyderabad,ML Engineer,12th/Diploma,3.23
Employee_557,36,2,Pune,Data Analyst,PhD,22.69
Employee_558,42,12,Jaipur,Software Developer,PhD,6.28
Employee_559,35,17,Hyderabad,Software Developer,PhD,20.29
Employee_560,23,7,Mumbai,DevOps,B.Tech,16.59
Employee_561,32,20,Jaipur,Data Scientist,PhD,10.52
Employee_562,39,14,Jaipur,DevOps,MBA/M.Tech,22.23
Employee_563,51,0,Hyderabad,DevOps,Bachelor's,3.28
Employee_564,36,2,Delhi,Software Developer,12th/Diploma,7.99
Employee_565,48,7,Hyderabad,ML Engineer,B.Tech,15.47
Employee_566,54,3,Jaipur,HR,PhD,10.73
Employee_567,45,15,Mumbai,HR,PhD,16.43
Employee_568,36,22,Jaipur,HR,Bachelor's,3.53
Employee_569,51,9,Mumbai,Data Analyst,Bachelor's,5.56
Employee_570,38,11,Bangalore,Software Developer,B.Tech,5.8
Employee_571,26,13,Pune,ML Engineer,12th/Diploma,7.16
Employee_572,50,13,Jaipur,Data Analyst,PhD,13.11
Employee_573,25,1,Hyderabad,Data Scientist,B.Tech,19.55
Employee_574,31,22,Bangalore,ML Engineer,MBA/M.Tech,22.92
Employee_575,38,4,Pune,DevOps,MBA/M.Tech,21.38
Employee_576,31,4,Hyderabad,ML Engineer,B.Tech,7.33
Employee_577,38,5,Delhi,ML Engineer,PhD,12.71
Employee_578,41,12,Hyderabad,HR,B.Tech,7.39
Employee_579,45,8,Mumbai,ML Engineer,PhD,8.82
Employee_580,26,21,Mumbai,DevOps,Bachelor's,14.08
Employee_581,27,14,Delhi,DevOps,B.Tech,4.5
Employee_582,23,13,Bangalore,Software Developer,PhD,7.8
Employee_583,34,23,Pune,ML Engineer,B.Tech,23.58
Employee_584,32,6,Hyderabad,HR,B.Tech,13.25
Employee_585,44,24,Mumbai,ML Engineer,PhD,12.8
Employee_586,37,19,Bangalore,Data Scientist,PhD,3.32
Employee_587,52,1,Delhi,Data Scientist,12th/Diploma,8.44
Employee_588,32,6,Jaipur,HR,B.Tech,22.06
Employee_589,37,5,Mumbai,Software Developer,MBA/M.Tech,6.62
Employee_590,29,16,Delhi,Software Developer,B.Tech,12.13
Employee_591,25,24,Hyderabad,DevOps,B.Tech,3.32
Employee_592,25,24,Pune,DevOps,PhD,13.52
Employee_593,46,1,Mumbai,Data Analyst,B.Tech,3.46
Employee_594,24,2,Mumbai,HR,B.Tech,21.03
Employee_595,53,4,Hyderabad,ML Engineer,MBA/M.Tech,21.15
Employee_596,24,4,Jaipur,HR,PhD,20.33
Employee_597,48,0,Bangalore,Data Analyst,B.Tech,9.23
Employee_598,50,7,Pune,DevOps,Bachelor's,21.42
Employee_599,53,11,Mumbai,HR,12th/Diploma,14.95
Employee_600,40,23,Pune,HR,MBA/M.Tech,11.22
Employee_601,42,3,Mumbai,DevOps,B.Tech,16.76
Employee_602,26,12,Pune,Data Analyst,Bachelor's,3.27
Employee_603,39,22,Delhi,DevOps,B.Tech,6.15
Employee_604,49,14,Mumbai,Software Developer,B.Tech,19.33
Employee_605,43,10,Pune,ML Engineer,PhD,8.37
Employee_606,42,9,Bangalore,DevOps,PhD,16.16
Employee_607,27,2,Delhi,Data Analyst,PhD,11.47
Employee_608,22,21,Delhi,Data Scientist,Bachelor's,21.81
Employee_609,26,13,Bangalore,Software Developer,B.Tech,23.95
Employee_610,33,15,Pune,Data Scientist,12th/Diploma,22.44
Employee_611,47,9,Hyderabad,DevOps,MBA/M.Tech,8.95
Employee_612,35,9,Bangalore,Software Developer,PhD,7.27
Employee_613,47,11,Pune,ML Engineer,PhD,13.44
Employee_614,48,8,Bangalore,DevOps,B.Tech,3.16
Employee_615,30,0,Bangalore,ML Engineer,B.Tech,3.57
Employee_616,47,4,Mumbai,HR,Bachelor's,15.17
Employee_617,43,19,Pune,Data Scientist,Bachelor's,14.45
Employee_618,51,7,Hyderabad,Software Developer,PhD,24.88
Employee_619,38,10,Mumbai,ML Engineer,B.Tech,7.44
Employee_620,47,11,Bangalore,Data Analyst,12th/Diploma,8.68
Employee_621,22,0,Jaipur,ML Engineer,MBA/M.Tech,5.5
Employee_622,29,24,Bangalore,Data Analyst,B.Tech,23.19
Employee_623,36,21,Bangalore,DevOps,B.Tech,20.11
Employee_624,43,19,Pune,Software Developer,Bachelor's,21.09
Employee_625,35,24,Pune,ML Engineer,MBA/M.Tech,22.86
Employee_626,47,10,Mumbai,ML Engineer,PhD,14.55
Employee_627,49,4,Hyderabad,Software Developer,B.Tech,12.93
Employee_628,44,14,Mumbai,ML Engineer,PhD,10.27
Employee_629,35,4,Delhi,Data Analyst,B.Tech,15.96
Employee_630,45,11,Bangalore,ML Engineer,PhD,12.99
Employee_631,23,4,Jaipur,Data Scientist,MBA/M.Tech,12.93
Employee_632,47,16,Bangalore,DevOps,Bachelor's,23.61
Employee_633,35,16,Bangalore,HR,MBA/M.Tech,24.65
Employee_634,28,23,Mumbai,Data Analyst,12th/Diploma,20.52
Employee_635,24,11,Jaipur,Data Scientist,Bachelor's,19.65
Employee_636,44,23,Jaipur,DevOps,MBA/M.Tech,17.97
Employee_637,39,14,Jaipur,Software Developer,12th/Diploma,6.65
Employee_638,36,14,Mumbai,Data Analyst,B.Tech,4.3
Employee_639,46,5,Bangalore,HR,B.Tech,18.2
Employee_640,49,11,Mumbai,DevOps,PhD,19.03
Employee_641,31,19,Pune,HR,Bachelor's,4.03
Employee_642,38,17,Pune,Software Developer,B.Tech,23.42
Employee_643,43,13,Mumbai,Software Developer,Bachelor's,5.01
Employee_644,47,1,Jaipur,Data Analyst,B.Tech,9.29
Employee_645,46,8,Bangalore,ML Engineer,PhD,17.79
Employee_646,38,4,Mumbai,Software Developer,MBA/M.Tech,6.74
Employee_647,34,19,Mumbai,DevOps,PhD,4.22
Employee_648,41,0,Mumbai,ML Engineer,12th/Diploma,10.29
Employee_649,46,22,Delhi,Data Scientist,B.Tech,19.85
Employee_650,25,2,Pune,HR,12th/Diploma,12.1
Employee_651,31,5,Jaipur,ML Engineer,12th/Diploma,17.37
Employee_652,24,4,Hyderabad,HR,Bachelor's,15.75
Employee_653,39,20,Jaipur,ML Engineer,B.Tech,3.49
Employee_654,43,4,Hyderabad,Data Scientist,12th/Diploma,24.75
Employee_655,29,0,Delhi,Software Developer,MBA/M.Tech,3.91
Employee_656,40,16,Mumbai,Data Scientist,12th/Diploma,24.29
Employee_657,27,18,Delhi,Software Developer,MBA/M.Tech,15.1
Employee_658,47,13,Delhi,Software Developer,Bachelor's,24.19
Employee_659,27,11,Bangalore,HR,12th/Diploma,5.52
Employee_660,54,9,Pune,DevOps,PhD,13.79
Employee_661,43,19,Hyderabad,Data Scientist,Bachelor's,6.73
Employee_662,42,20,Mumbai,ML Engineer,MBA/M.Tech,4.12
Employee_663,27,17,Hyderabad,Data Scientist,Bachelor's,16.59
Employee_664,27,23,Jaipur,HR,12th/Diploma,7.57
Employee_665,25,10,Hyderabad,Software Developer,B.Tech,15.93
Employee_666,51,1,Jaipur,HR,B.Tech,5.47
Employee_667,32,24,Pune,Data Analyst,MBA/M.Tech,10.3
Employee_668,51,17,Jaipur,Data Analyst,MBA/M.Tech,20.2
Employee_669,52,24,Hyderabad,ML Engineer,B.Tech,12.62
Employee_670,45,6,Hyderabad,HR,MBA/M.Tech,16.81
Employee_671,30,23,Jaipur,ML Engineer,Bachelor's,17.24
Employee_672,24,14,Delhi,ML Engineer,PhD,21.56
Employee_673,52,10,Pune,Data Analyst,PhD,10.15
Employee_674,45,17,Bangalore,ML Engineer,Bachelor's,18.12
Employee_675,52,22,Mumbai,Data Analyst,PhD,24.16
Employee_676,27,11,Hyderabad,Software Developer,12th/Diploma,19.07
Employee_677,23,5,Mumbai,HR,Bachelor's,13.78
Employee_678,41,19,Bangalore,ML Engineer,MBA/M.Tech,16.88
Employee_679,49,22,Mumbai,Data Analyst,Bachelor's,19.27
Employee_680,32,12,Bangalore,Data Scientist,B.Tech,16.47
Employee_681,25,19,Jaipur,ML Engineer,MBA/M.Tech,3.37
Employee_682,36,15,Delhi,DevOps,B.Tech,7.29
Employee_683,27,17,Hyderabad,Software Developer,MBA/M.Tech,20.83
Employee_684,51,9,Bangalore,Software Developer,PhD,9.0
Employee_685,23,22,Mumbai,Data Scientist,Bachelor's,19.09
Employee_686,36,7,Hyderabad,Data Analyst,12th/Diploma,11.19
Employee_687,32,17,Delhi,ML Engineer,MBA/M.Tech,14.48
Employee_688,29,20,Jaipur,Data Analyst,MBA/M.Tech,4.5
Employee_689,47,0,Hyderabad,Software Developer,B.Tech,6.99
Employee_690,26,22,Bangalore,Data Analyst,PhD,24.06
Employee_691,27,7,Delhi,Software Developer,B.Tech,22.58
Employee_692,47,5,Mumbai,Data Analyst,B.Tech,17.35
Employee_693,25,4,Delhi,Data Scientist,PhD,13.11
Employee_694,40,14,Delhi,HR,12th/Diploma,17.87
Employee_695,41,21,Pune,Data Scientist,B.Tech,16.61
Employee_696,54,14,Delhi,Data Scientist,B.Tech,15.51
Employee_697,41,1,Delhi,HR,MBA/M.Tech,4.3
Employee_698,33,0,Hyderabad,HR,PhD,16.92
Employee_699,22,22,Mumbai,ML Engineer,Bachelor's,19.92
Employee_700,47,22,Hyderabad,ML Engineer,12th/Diploma,24.87
Employee_701,35,10,Hyderabad,Data Scientist,12th/Diploma,3.24
Employee_702,32,9,Bangalore,Data Scientist,PhD,19.06
Employee_703,34,17,Hyderabad,Software Developer,MBA/M.Tech,15.58
Employee_704,24,17,Pune,Software Developer,MBA/M.Tech,12.55
Employee_705,54,16,Pune,ML Engineer,PhD,5.81
Employee_706,27,7,Bangalore,DevOps,MBA/M.Tech,12.0
Employee_707,31,14,Jaipur,DevOps,12th/Diploma,10.8
Employee_708,26,7,Mumbai,ML Engineer,12th/Diploma,9.66
Employee_709,44,16,Mumbai,Software Developer,Bachelor's,19.08
Employee_710,31,11,Hyderabad,Software Developer,PhD,18.42
Employee_711,23,7,Hyderabad,DevOps,B.Tech,15.96
Employee_712,34,24,Jaipur,Data Analyst,B.Tech,23.65
Employee_713,23,13,Hyderabad,Data Analyst,Bachelor's,10.7
Employee_714,41,3,Mumbai,Software Developer,Bachelor's,8.36
Employee_715,22,0,Delhi,Data Analyst,MBA/M.Tech,17.43
Employee_716,30,0,Pune,HR,Bachelor's,7.37
Employee_717,38,18,Delhi,ML Engineer,Bachelor's,9.93
Employee_718,30,15,Delhi,ML Engineer,B.Tech,7.94
Employee_719,32,13,Mumbai,Software Developer,MBA/M.Tech,4.52
Employee_720,36,20,Delhi,Data Scientist,Bachelor's,21.2
Employee_721,45,15,Jaipur,DevOps,Bachelor's,8.6
Employee_722,51,4,Bangalore,Software Developer,MBA/M.Tech,13.41
Employee_723,52,8,Hyderabad,Data Analyst,PhD,3.95
Employee_724,26,1,Bangalore,DevOps,MBA/M.Tech,18.39
Employee_725,35,17,Pune,Data Scientist,B.Tech,10.27
Employee_726,32,5,Hyderabad,Data Analyst,PhD,19.38
Employee_727,30,8,Delhi,HR,12th/Diploma,12.07
Employee_728,33,0,Pune,Data Analyst,MBA/M.Tech,7.31
Employee_729,22,8,Hyderabad,HR,B.Tech,14.29
Employee_730,43,24,Jaipur,DevOps,PhD,5.87
Employee_731,50,15,Jaipur,HR,MBA/M.Tech,12.69
Employee_732,29,12,Jaipur,DevOps,Bachelor's,9.98
Employee_733,32,8,Jaipur,DevOps,MBA/M.Tech,23.06
Employee_734,35,20,Delhi,DevOps,12th/Diploma,4.34
Employee_735,51,12,Bangalore,DevOps,MBA/M.Tech,18.27
Employee_736,42,8,Hyderabad,DevOps,PhD,7.02
Employee_737,26,10,Delhi,Data Analyst,PhD,10.02
Employee_738,40,3,Jaipur,DevOps,MBA/M.Tech,12.14
Employee_739,35,1,Bangalore,Data Analyst,PhD,22.98
Employee_740,47,5,Pune,DevOps,Bachelor's,8.34
Employee_741,25,13,Pune,HR,MBA/M.Tech,5.01
Employee_742,46,3,Pune,DevOps,Bachelor's,10.01
Employee_743,46,5,Jaipur,Data Scientist,Bachelor's,5.3
Employee_744,39,18,Pune,DevOps,B.Tech,5.83
Employee_745,29,5,Mumbai,DevOps,MBA/M.Tech,15.62
Employee_746,35,1,Hyderabad,HR,PhD,4.34
Employee_747,53,17,Hyderabad,ML Engineer,Bachelor's,3.68
Employee_748,54,12,Jaipur,HR,B.Tech,18.72
Employee_749,44,8,Mumbai,Data Scientist,MBA/M.Tech,10.96
Employee_750,36,22,Delhi,ML Engineer,MBA/M.Tech,5.76
Employee_751,54,18,Delhi,Software Developer,12th/Diploma,8.58
Employee_752,46,12,Pune,Software Developer,12th/Diploma,17.13
Employee_753,38,10,Bangalore,Data Scientist,Bachelor's,9.06
Employee_754,54,0,Delhi,HR,12th/Diploma,13.88
Employee_755,23,23,Bangalore,Data Analyst,Bachelor's,5.68
Employee_756,35,21,Hyderabad,Data Scientist,PhD,15.94
Employee_757,27,6,Bangalore,ML Engineer,Bachelor's,9.95
Employee_758,27,24,Hyderabad,ML Engineer,12th/Diploma,16.79
Employee_759,24,20,Mumbai,DevOps,PhD,20.78
Employee_760,28,14,Mumbai,Software Developer,12th/Diploma,16.46
Employee_761,29,0,Jaipur,ML Engineer,Bachelor's,9.51
Employee_762,36,11,Jaipur,Data Scientist,B.Tech,8.63
Employee_763,50,6,Pune,ML Engineer,MBA/M.Tech,10.2
Employee_764,54,14,Delhi,Data Scientist,12th/Diploma,6.62
Employee_765,51,20,Pune,Data Analyst,Bachelor's,6.99
Employee_766,48,18,Hyderabad,DevOps,PhD,20.4
Employee_767,50,24,Pune,Software Developer,12th/Diploma,11.46
Employee_768,54,0,Bangalore,ML Engineer,12th/Diploma,12.59
Employee_769,48,16,Hyderabad,Data Scientist,MBA/M.Tech,16.07
Employee_770,54,16,Jaipur,HR,Bachelor's,15.97
Employee_771,25,2,Mumbai,Software Developer,B.Tech,4.48
Employee_772,43,11,Jaipur,Data Analyst,PhD,21.29
Employee_773,23,5,Delhi,Data Scientist,Bachelor's,6.9
Employee_774,31,10,Hyderabad,DevOps,PhD,18.91
Employee_775,26,2,Hyderabad,DevOps,12th/Diploma,20.0
Employee_776,31,7,Bangalore,Data Analyst,MBA/M.Tech,18.73
Employee_777,54,13,Delhi,Data Analyst,MBA/M.Tech,15.74
Employee_778,34,13,Mumbai,DevOps,B.Tech,3.32
Employee_779,52,9,Hyderabad,ML Engineer,MBA/M.Tech,10.93
Employee_780,45,1,Hyderabad,ML Engineer,12th/Diploma,16.31
Employee_781,36,13,Bangalore,Data Scientist,B.Tech,11.52
Employee_782,50,8,Pune,HR,Bachelor's,22.0
Employee_783,29,2,Mumbai,Data Scientist,MBA/M.Tech,9.79
Employee_784,26,20,Jaipur,HR,B.Tech,9.46
Employee_785,50,7,Delhi,Data Analyst,12th/Diploma,8.85
Employee_786,25,15,Hyderabad,Software Developer,PhD,10.32
Employee_787,33,1,Hyderabad,Data Scientist,PhD,15.26
Employee_788,23,5,Jaipur,Data Scientist,12th/Diploma,18.55
Employee_789,48,20,Mumbai,HR,12th/Diploma,17.58
Employee_790,52,24,Pune,Data Analyst,PhD,20.77
Employee_791,47,11,Hyderabad,Data Analyst,B.Tech,22.49
Employee_792,48,4,Mumbai,HR,PhD,20.95
Employee_793,26,1,Jaipur,Data Analyst,12th/Diploma,3.42
Employee_794,41,15,Bangalore,DevOps,MBA/M.Tech,19.19
Employee_795,32,4,Pune,ML Engineer,Bachelor's,7.58
Employee_796,31,14,Delhi,DevOps,MBA/M.Tech,5.92
Employee_797,27,11,Hyderabad,Software Developer,MBA/M.Tech,17.05
Employee_798,29,3,Mumbai,Data Scientist,12th/Diploma,10.03
Employee_799,44,14,Bangalore,Software Developer,PhD,4.26
Employee_800,47,10,Delhi,Data Scientist,B.Tech,6.03
Employee_801,33,15,Mumbai,ML Engineer,MBA/M.Tech,3.02
Employee_802,47,22,Mumbai,Data Analyst,PhD,22.87
Employee_803,34,5,Delhi,DevOps,B.Tech,3.54
Employee_804,39,13,Bangalore,HR,MBA/M.Tech,7.61
Employee_805,46,17,Jaipur,DevOps,B.Tech,12.16
Employee_806,54,11,Bangalore,ML Engineer,PhD,10.84
Employee_807,33,10,Pune,Software Developer,Bachelor's,23.06
Employee_808,25,12,Hyderabad,HR,PhD,3.89
Employee_809,26,20,Delhi,Data Analyst,12th/Diploma,14.27
Employee_810,29,22,Jaipur,ML Engineer,B.Tech,17.97
Employee_811,49,10,Delhi,HR,Bachelor's,23.5
Employee_812,52,22,Delhi,ML Engineer,B.Tech,16.65
Employee_813,30,15,Bangalore,ML Engineer,B.Tech,20.68
Employee_814,50,14,Hyderabad,Data Analyst,MBA/M.Tech,4.84
Employee_815,35,20,Pune,Data Scientist,12th/Diploma,11.49
Employee_816,43,14,Mumbai,HR,B.Tech,11.23
Employee_817,32,24,Mumbai,Data Analyst,PhD,22.5
Employee_818,44,3,Delhi,ML Engineer,PhD,6.33
Employee_819,22,10,Hyderabad,Data Analyst,MBA/M.Tech,6.34
Employee_820,42,18,Jaipur,Data Scientist,12th/Diploma,10.23
Employee_821,47,14,Bangalore,DevOps,12th/Diploma,4.2
Employee_822,44,3,Hyderabad,HR,PhD,7.01
Employee_823,22,20,Hyderabad,Data Scientist,Bachelor's,24.23
Employee_824,36,12,Bangalore,Software Developer,MBA/M.Tech,12.42
Employee_825,42,21,Delhi,HR,MBA/M.Tech,16.9
Employee_826,30,18,Hyderabad,Data Scientist,PhD,18.97
Employee_827,30,1,Mumbai,ML Engineer,PhD,11.07
Employee_828,31,13,Bangalore,HR,Bachelor's,6.24
Employee_829,47,3,Jaipur,HR,Bachelor's,7.54
Employee_830,46,15,Pune,Data Analyst,12th/Diploma,9.89
Employee_831,47,20,Delhi,ML Engineer,MBA/M.Tech,16.99
Employee_832,32,19,Bangalore,Software Developer,MBA/M.Tech,11.76
Employee_833,23,13,Pune,DevOps,PhD,3.15
Employee_834,28,14,Pune,Data Scientist,12th/Diploma,14.51
Employee_835,39,2,Jaipur,Data Analyst,MBA/M.Tech,23.27
Employee_836,48,7,Hyderabad,Data Scientist,12th/Diploma,20.87
Employee_837,48,15,Jaipur,Software Developer,12th/Diploma,21.15
Employee_838,38,9,Hyderabad,Software Developer,PhD,20.49
Employee_839,45,3,Hyderabad,HR,12th/Diploma,10.12
Employee_840,46,17,Bangalore,Software Developer,Bachelor's,19.83
Employee_841,28,1,Bangalore,Data Scientist,Bachelor's,6.15
Employee_842,27,16,Delhi,ML Engineer,B.Tech,17.47
Employee_843,45,12,Hyderabad,ML Engineer,PhD,17.11
Employee_844,54,3,Pune,HR,B.Tech,3.56
Employee_845,50,24,Mumbai,DevOps,Bachelor's,20.34
Employee_846,43,10,Delhi,Data Scientist,B.Tech,22.87
Employee_847,47,6,Bangalore,Data Scientist,PhD,8.88
Employee_848,49,11,Jaipur,Software Developer,PhD,20.87
Employee_849,42,9,Delhi,Data Scientist,12th/Diploma,4.81
Employee_850,28,6,Delhi,Data Analyst,MBA/M.Tech,16.2
Employee_851,38,12,Delhi,DevOps,12th/Diploma,13.68
Employee_852,41,6,Delhi,Software Developer,PhD,15.01
Employee_853,41,23,Mumbai,Data Analyst,Bachelor's,23.38
Employee_854,43,16,Jaipur,HR,Bachelor's,22.17
Employee_855,49,9,Jaipur,ML Engineer,12th/Diploma,20.27
Employee_856,28,9,Jaipur,HR,PhD,9.02
Employee_857,22,23,Hyderabad,ML Engineer,Bachelor's,23.06
Employee_858,53,3,Pune,HR,PhD,5.15
Employee_859,34,19,Jaipur,Data Scientist,Bachelor's,21.77
Employee_860,51,3,Delhi,Data Analyst,PhD,10.22
Employee_861,44,21,Delhi,ML Engineer,B.Tech,4.18
Employee_862,40,6,Jaipur,Software Developer,PhD,17.73
Employee_863,53,21,Jaipur,Data Analyst,PhD,8.09
Employee_864,51,0,Delhi,Software Developer,12th/Diploma,8.36
Employee_865,50,11,Hyderabad,Data Analyst,B.Tech,9.73
Employee_866,50,23,Bangalore,Data Analyst,MBA/M.Tech,4.4
Employee_867,51,12,Bangalore,HR,12th/Diploma,6.9
Employee_868,37,9,Jaipur,ML Engineer,MBA/M.Tech,3.11
Employee_869,40,14,Mumbai,ML Engineer,Bachelor's,12.8
Employee_870,39,12,Jaipur,Data Analyst,MBA/M.Tech,4.85
Employee_871,22,22,Jaipur,Data Scientist,PhD,18.02
Employee_872,35,21,Bangalore,Data Scientist,MBA/M.Tech,8.18
Employee_873,23,21,Delhi,Software Developer,12th/Diploma,23.76
Employee_874,49,20,Jaipur,Software Developer,12th/Diploma,22.17
Employee_875,51,21,Delhi,HR,MBA/M.Tech,9.37
Employee_876,25,8,Delhi,Data Analyst,12th/Diploma,20.23
Employee_877,22,8,Mumbai,Software Developer,12th/Diploma,20.67
Employee_878,29,14,Delhi,Software Developer,MBA/M.Tech,24.7
Employee_879,50,9,Bangalore,DevOps,B.Tech,16.15
Employee_880,24,23,Hyderabad,Data Analyst,B.Tech,4.8
Employee_881,53,24,Hyderabad,HR,Bachelor's,17.23
Employee_882,31,9,Pune,Software Developer,12th/Diploma,16.75
Employee_883,31,7,Jaipur,HR,MBA/M.Tech,17.04
Employee_884,40,23,Bangalore,ML Engineer,12th/Diploma,9.76
Employee_885,54,15,Delhi,HR,PhD,21.91
Employee_886,44,16,Hyderabad,Data Scientist,12th/Diploma,24.11
Employee_887,49,4,Bangalore,Data Scientist,12th/Diploma,7.79
Employee_888,53,3,Hyderabad,HR,B.Tech,4.94
Employee_889,28,17,Delhi,Data Scientist,MBA/M.Tech,7.28
Employee_890,50,23,Hyderabad,ML Engineer,12th/Diploma,21.05
Employee_891,29,18,Jaipur,Data Analyst,B.Tech,17.89
Employee_892,22,3,Jaipur,Data Scientist,Bachelor's,16.99
Employee_893,24,6,Pune,Data Scientist,B.Tech,11.84
Employee_894,45,9,Pune,HR,B.Tech,15.71
Employee_895,44,24,Hyderabad,ML Engineer,B.Tech,9.77
Employee_896,29,17,Bangalore,Data Analyst,12th/Diploma,13.5
Employee_897,24,18,Jaipur,HR,12th/Diploma,20.45
Employee_898,54,3,Bangalore,HR,Bachelor's,24.59
Employee_899,49,9,Bangalore,DevOps,PhD,23.51
Employee_900,29,0,Hyderabad,ML Engineer,PhD,23.55
Employee_901,53,22,Bangalore,Data Analyst,PhD,11.85
Employee_902,45,17,Jaipur,ML Engineer,Bachelor's,13.31
Employee_903,35,4,Delhi,Data Analyst,PhD,18.52
Employee_904,53,14,Pune,ML Engineer,PhD,23.29
Employee_905,37,16,Delhi,HR,B.Tech,6.12
Employee_906,25,2,Bangalore,HR,12th/Diploma,9.69
Employee_907,42,11,Delhi,Software Developer,12th/Diploma,6.06
Employee_908,35,1,Jaipur,Data Scientist,B.Tech,16.46
Employee_909,52,0,Jaipur,DevOps,B.Tech,9.74
Employee_910,39,22,Bangalore,ML Engineer,B.Tech,10.17
Employee_911,28,20,Hyderabad,DevOps,12th/Diploma,4.56
Employee_912,31,16,Delhi,Software Developer,PhD,10.7
Employee_913,28,21,Hyderabad,Data Scientist,B.Tech,21.97
Employee_914,54,15,Hyderabad,ML Engineer,Bachelor's,8.13
Employee_915,44,4,Mumbai,Data Analyst,B.Tech,18.29
Employee_916,42,14,Bangalore,Data Scientist,MBA/M.Tech,16.85
Employee_917,40,2,Pune,HR,B.Tech,22.0
Employee_918,40,6,Jaipur,Software Developer,12th/Diploma,5.91
Employee_919,50,10,Jaipur,Data Scientist,B.Tech,24.51
Employee_920,39,9,Bangalore,Data Scientist,MBA/M.Tech,15.82
Employee_921,23,8,Pune,HR,Bachelor's,24.9
Employee_922,22,13,Jaipur,ML Engineer,PhD,23.05
Employee_923,26,12,Bangalore,Data Analyst,B.Tech,7.87
Employee_924,41,24,Jaipur,HR,MBA/M.Tech,4.24
Employee_925,32,24,Hyderabad,Data Analyst,MBA/M.Tech,8.62
Employee_926,23,1,Delhi,ML Engineer,Bachelor's,14.61
Employee_927,24,2,Delhi,Data Scientist,12th/Diploma,6.78
Employee_928,44,6,Jaipur,Data Analyst,B.Tech,6.68
Employee_929,33,20,Mumbai,Software Developer,MBA/M.Tech,13.18
Employee_930,41,17,Pune,Software Developer,Bachelor's,3.73
Employee_931,26,2,Pune,HR,PhD,5.68
Employee_932,51,9,Pune,ML Engineer,MBA/M.Tech,12.15
Employee_933,30,21,Hyderabad,HR,Bachelor's,4.39
Employee_934,43,6,Pune,HR,12th/Diploma,11.73
Employee_935,45,8,Delhi,DevOps,12th/Diploma,13.43
Employee_936,38,16,Hyderabad,HR,MBA/M.Tech,12.93
Employee_937,31,10,Bangalore,DevOps,MBA/M.Tech,22.12
Employee_938,51,6,Pune,Software Developer,B.Tech,14.66
Employee_939,44,23,Pune,Software Developer,Bachelor's,13.3
Employee_940,53,13,Bangalore,HR,MBA/M.Tech,12.04
Employee_941,38,18,Pune,Software Developer,B.Tech,20.99
Employee_942,38,3,Bangalore,ML Engineer,B.Tech,22.69
Employee_943,35,5,Hyderabad,DevOps,MBA/M.Tech,21.77
Employee_944,30,9,Delhi,DevOps,12th/Diploma,17.82
Employee_945,23,6,Bangalore,HR,Bachelor's,6.02
Employee_946,46,12,Mumbai,Software Developer,Bachelor's,9.09
Employee_947,30,13,Bangalore,Data Analyst,12th/Diploma,4.01
Employee_948,43,3,Pune,DevOps,MBA/M.Tech,23.48
Employee_949,25,7,Hyderabad,HR,Bachelor's,17.54
Employee_950,47,4,Jaipur,HR,MBA/M.Tech,19.42
Employee_951,50,0,Hyderabad,ML Engineer,MBA/M.Tech,9.85
Employee_952,44,3,Jaipur,Data Scientist,B.Tech,21.6
Employee_953,32,2,Bangalore,Data Scientist,12th/Diploma,8.71
Employee_954,27,8,Delhi,DevOps,MBA/M.Tech,3.04
Employee_955,39,7,Mumbai,ML Engineer,PhD,11.28
Employee_956,42,0,Hyderabad,ML Engineer,12th/Diploma,15.56
Employee_957,38,5,Pune,ML Engineer,Bachelor's,13.53
Employee_958,46,8,Jaipur,DevOps,B.Tech,21.97
Employee_959,33,6,Pune,Data Scientist,Bachelor's,5.32
Employee_960,44,3,Delhi,ML Engineer,Bachelor's,15.18
Employee_961,43,12,Jaipur,Software Developer,12th/Diploma,14.29
Employee_962,42,16,Hyderabad,HR,Bachelor's,9.19
Employee_963,48,1,Bangalore,HR,MBA/M.Tech,21.09
Employee_964,52,4,Pune,Data Analyst,Bachelor's,19.56
Employee_965,27,11,Delhi,Data Analyst,B.Tech,19.12
Employee_966,48,20,Hyderabad,DevOps,B.Tech,22.28
Employee_967,33,7,Hyderabad,DevOps,PhD,18.9
Employee_968,28,5,Hyderabad,HR,B.Tech,8.1
Employee_969,31,7,Hyderabad,Software Developer,Bachelor's,18.52
Employee_970,38,17,Jaipur,Data Scientist,B.Tech,9.77
Employee_971,47,2,Hyderabad,Data Scientist,12th/Diploma,8.33
Employee_972,42,21,Pune,DevOps,B.Tech,4.61
Employee_973,49,11,Delhi,Software Developer,MBA/M.Tech,19.37
Employee_974,23,2,Jaipur,DevOps,12th/Diploma,18.64
Employee_975,22,21,Hyderabad,Data Scientist,PhD,8.16
Employee_976,47,5,Mumbai,DevOps,MBA/M.Tech,19.49
Employee_977,50,1,Mumbai,ML Engineer,Bachelor's,23.19
Employee_978,42,22,Delhi,DevOps,Bachelor's,5.38
Employee_979,32,11,Bangalore,HR,Bachelor's,8.12
Employee_980,32,1,Bangalore,DevOps,MBA/M.Tech,19.51
Employee_981,45,5,Jaipur,HR,MBA/M.Tech,9.04
Employee_982,43,16,Jaipur,Software Developer,MBA/M.Tech,16.74
Employee_983,26,2,Jaipur,Data Scientist,12th/Diploma,4.79
Employee_984,54,1,Bangalore,Data Analyst,12th/Diploma,12.95
Employee_985,41,22,Mumbai,Data Analyst,Bachelor's,19.26
Employee_986,40,19,Bangalore,Data Scientist,B.Tech,18.1
Employee_987,38,7,Pune,Data Analyst,Bachelor's,20.93
Employee_988,30,21,Hyderabad,DevOps,PhD,22.3
Employee_989,47,11,Jaipur,Software Developer,12th/Diploma,20.01
Employee_990,23,3,Mumbai,Software Developer,MBA/M.Tech,17.77
Employee_991,30,4,Delhi,Data Scientist,12th/Diploma,3.7
Employee_992,30,12,Delhi,Data Analyst,MBA/M.Tech,14.77
Employee_993,38,14,Hyderabad,DevOps,PhD,3.83
Employee_994,22,24,Mumbai,Software Developer,PhD,20.78
Employee_995,46,22,Bangalore,Software Developer,12th/Diploma,10.06
Employee_996,46,15,Bangalore,ML Engineer,MBA/M.Tech,15.37
Employee_997,24,9,Pune,ML Engineer,PhD,9.15
Employee_998,51,24,Pune,Software Developer,Bachelor's,20.22
Employee_999,33,22,Bangalore,Data Scientist,Bachelor's,22.5
Employee_1000,40,15,Delhi,HR,MBA/M.Tech,11.77
